x,y,heading,curvature,speed
-69.8351,53.5791,-2.992,0.044012,6.922
-70.2427,53.5138,-2.9724,0.051114,6.565
-70.6457,53.4406,-2.9496,0.060837,6.2
-71.0415,53.3585,-2.9226,0.073284,5.832
-71.4274,53.2666,-2.8906,0.088944,5.465
-71.8007,53.1638,-2.8526,0.108389,5.101
-72.1584,53.0492,-2.8076,0.132303,4.745
-72.4976,52.922,-2.7547,0.161509,4.398
-72.8152,52.7817,-2.6929,0.197031,4.064
-73.108,52.6281,-2.6211,0.2402,3.744
-73.373,52.4619,-2.5383,0.292842,3.44
-73.6071,52.2843,-2.4434,0.357383,3.152
-73.808,52.0969,-2.335,0.436316,2.889
-73.9738,51.9017,-2.2115,0.529466,2.646
-74.1038,51.7001,-2.0721,0.627119,2.488
-74.198,51.4926,-1.9184,0.701688,2.367
-74.257,51.2774,-1.757,0.713745,2.367
-74.2812,51.0509,-1.5986,0.645963,2.367
-74.2701,50.8079,-1.4544,0.52415,2.577
-74.2218,50.5429,-1.331,0.391554,2.823
-74.134,50.2515,-1.2297,0.284753,3.142
-74.0062,49.9357,-1.1464,0.213569,3.507
-73.8399,49.6007,-1.0764,0.166522,3.888
-73.6377,49.2521,-1.017,0.132338,4.272
-73.4034,48.8948,-0.9666,0.106472,4.653
-73.1415,48.5333,-0.9239,0.086453,5.03
-72.8568,48.1711,-0.888,0.070679,5.4
-72.5545,47.8115,-0.858,0.058081,5.761
-72.2398,47.4574,-0.833,0.04793,6.11
-71.918,47.1114,-0.8124,0.039658,6.447
-71.5944,46.7762,-0.7956,0.032875,6.768
-71.2737,46.4538,-0.782,0.026737,7.0
-70.9574,46.1435,-0.7714,0.020676,7.0
-70.646,45.8434,-0.7637,0.014977,7.0
-70.3395,45.5519,-0.7584,0.009976,7.0
-70.038,45.2674,-0.7551,0.005871,7.0
-69.741,44.9886,-0.7533,0.002743,7.0
-69.4482,44.7143,-0.7526,0.000573,7.0
-69.1589,44.4435,-0.7527,0.00075,7.0
-68.8726,44.1752,-0.7531,0.001411,7.0
-68.5884,43.9086,-0.7537,0.001641,7.0
-68.3055,43.6429,-0.7543,0.001686,7.0
-68.0231,43.3774,-0.755,0.001773,7.0
-67.7403,43.1112,-0.7557,0.002082,7.0
-67.4565,42.8435,-0.7567,0.002728,7.0
-67.1709,42.5735,-0.758,0.003775,7.0
-66.8834,42.301,-0.7598,0.00524,7.0
-66.5944,42.0259,-0.7622,0.007081,7.0
-66.3045,41.7483,-0.7655,0.009226,7.0
-66.0141,41.4682,-0.7697,0.01161,7.0
-65.7238,41.1856,-0.7749,0.014151,7.0
-65.4343,40.9004,-0.7812,0.016764,7.0
-65.146,40.6126,-0.7885,0.019367,7.0
-64.8595,40.322,-0.797,0.021888,7.0
-64.5755,40.0287,-0.8064,0.024262,7.0
-64.2943,39.7326,-0.8167,0.026435,7.0
-64.0167,39.4338,-0.8279,0.028379,7.0
-63.7429,39.1322,-0.8398,0.030097,7.0
-63.4733,38.8279,-0.8523,0.031556,7.0
-63.2084,38.5208,-0.8654,0.032707,7.0
-62.948,38.211,-0.8788,0.033523,7.0
-62.6923,37.8982,-0.8924,0.034006,7.0
-62.4413,37.5824,-0.9062,0.03415,7.0
-62.1951,37.2635,-0.9199,0.033985,7.0
-61.9534,36.9417,-0.9335,0.033549,7.0
-61.7164,36.617,-0.9468,0.032885,7.0
-61.4838,36.2893,-0.9599,0.032033,7.0
-61.2555,35.9589,-0.9725,0.031035,7.0
-61.0315,35.6258,-0.9848,0.029929,7.0
-60.8116,35.2902,-0.9966,0.028751,7.0
-60.5956,34.952,-1.0079,0.027531,7.0
-60.3833,34.6115,-1.0187,0.026295,7.0
-60.1746,34.2687,-1.029,0.025065,7.0
-59.9694,33.9238,-1.0388,0.023854,7.0
-59.7674,33.5768,-1.0481,0.022675,7.0
-59.5684,33.2279,-1.057,0.021532,7.0
-59.3725,32.8771,-1.0654,0.020428,7.0
-59.1793,32.5245,-1.0734,0.01936,7.0
-58.9888,32.1703,-1.081,0.018325,7.0
-58.8008,31.8145,-1.0882,0.017318,7.0
-58.6151,31.4572,-1.0949,0.016332,7.0
-58.4317,31.0985,-1.1013,0.015361,7.0
-58.2505,30.7384,-1.1073,0.014398,7.0
-58.0712,30.377,-1.1129,0.01344,7.0
-57.8938,30.0145,-1.1182,0.012482,7.0
-57.7181,29.6509,-1.123,0.01152,7.0
-57.544,29.2862,-1.1275,0.010553,7.0
-57.3713,28.9206,-1.1316,0.00958,7.0
-57.2,28.5542,-1.1352,0.008599,7.0
-57.0299,28.187,-1.1385,0.007612,7.0
-56.8608,27.8191,-1.1414,0.006618,7.0
-56.6927,27.4506,-1.1439,0.005618,7.0
-56.5254,27.0816,-1.1459,0.004613,7.0
-56.3586,26.7122,-1.1476,0.003604,7.0
-56.1924,26.3424,-1.1489,0.002592,7.0
-56.0265,25.9724,-1.1497,0.00158,7.0
-55.8609,25.6022,-1.1501,0.000571,7.0
-55.6953,25.2319,-1.1502,0.00043,7.0
-55.5297,24.8617,-1.1498,0.001416,7.0
-55.3638,24.4916,-1.149,0.002377,7.0
-55.1976,24.1216,-1.1479,0.003307,7.0
-55.0309,23.7519,-1.1464,0.004197,7.0
-54.8636,23.3825,-1.1445,0.005042,7.0
-54.6956,23.0136,-1.1423,0.005832,7.0
-54.5267,22.6452,-1.1398,0.00656,7.0
-54.357,22.2773,-1.137,0.007218,7.0
-54.1862,21.91,-1.1339,0.007802,7.0
-54.0143,21.5434,-1.1307,0.008309,7.0
-53.8412,21.1776,-1.1272,0.008737,7.0
-53.667,20.8125,-1.1236,0.009084,7.0
-53.4914,20.4482,-1.1199,0.009353,7.0
-53.3146,20.0847,-1.1161,0.009547,7.0
-53.1364,19.722,-1.1122,0.009671,7.0
-52.9568,19.3601,-1.1083,0.009733,7.0
-52.7759,18.999,-1.1043,0.009741,7.0
-52.5936,18.6387,-1.1004,0.009705,7.0
-52.41,18.2793,-1.0965,0.009634,7.0
-52.225,17.9206,-1.0926,0.009536,7.0
-52.0386,17.5628,-1.0888,0.009421,7.0
-51.851,17.2057,-1.085,0.009296,7.0
-51.662,16.8494,-1.0813,0.009167,7.0
-51.4718,16.4939,-1.0776,0.009038,7.0
-51.2803,16.1391,-1.074,0.008914,7.0
-51.0875,15.7851,-1.0705,0.008798,7.0
-50.8935,15.4318,-1.0669,0.00869,7.0
-50.6984,15.0792,-1.0634,0.008591,7.0
-50.502,14.7274,-1.06,0.008501,7.0
-50.3044,14.3763,-1.0566,0.008418,7.0
-50.1057,14.0258,-1.0532,0.008342,7.0
-49.9058,13.6761,-1.0499,0.00827,7.0
-49.7047,13.327,-1.0466,0.008201,7.0
-49.5025,12.9787,-1.0433,0.008133,7.0
-49.2992,12.631,-1.04,0.008066,7.0
-49.0947,12.284,-1.0368,0.007999,7.0
-48.8892,11.9376,-1.0336,0.007929,7.0
-48.6825,11.5919,-1.0304,0.007859,7.0
-48.4747,11.2469,-1.0272,0.007786,7.0
-48.2659,10.9024,-1.0241,0.007712,7.0
-48.0559,10.5587,-1.021,0.007636,7.0
-47.8449,10.2155,-1.018,0.007559,7.0
-47.6329,9.873,-1.0149,0.007481,7.0
-47.4198,9.5311,-1.0119,0.007403,7.0
-47.2056,9.1899,-1.009,0.007324,7.0
-46.9905,8.8492,-1.006,0.007245,7.0
-46.7743,8.5091,-1.0031,0.007165,7.0
-46.5571,8.1696,-1.0003,0.007085,7.0
-46.339,7.8307,-0.9974,0.007005,7.0
-46.1198,7.4924,-0.9946,0.006924,7.0
-45.8997,7.1547,-0.9918,0.006844,7.0
-45.6786,6.8175,-0.9891,0.006763,7.0
-45.4566,6.4809,-0.9864,0.006683,7.0
-45.2337,6.1448,-0.9837,0.006605,7.0
-45.0098,5.8093,-0.9811,0.006528,7.0
-44.7849,5.4743,-0.9784,0.006455,7.0
-44.5592,5.1398,-0.9758,0.006385,7.0
-44.3326,4.8059,-0.9733,0.006319,7.0
-44.1051,4.4725,-0.9707,0.006258,7.0
-43.8767,4.1396,-0.9682,0.0062,7.0
-43.6474,3.8072,-0.9657,0.006143,7.0
-43.4173,3.4753,-0.9633,0.006084,7.0
-43.1863,3.1439,-0.9608,0.006017,7.0
-42.9544,2.813,-0.9584,0.005934,7.0
-42.7217,2.4825,-0.956,0.005825,7.0
-42.4881,2.1525,-0.9537,0.005678,7.0
-42.2537,1.8229,-0.9514,0.005479,7.0
-42.0184,1.4937,-0.9493,0.005214,7.0
-41.7824,1.1649,-0.9472,0.004868,7.0
-41.5456,0.8364,-0.9454,0.004428,7.0
-41.3081,0.5081,-0.9437,0.003885,7.0
-41.0699,0.18,-0.9422,0.003235,7.0
-40.8312,-0.1479,-0.9411,0.002484,7.0
-40.592,-0.4759,-0.9402,0.001649,7.0
-40.3524,-0.8038,-0.9397,0.000763,7.0
-40.1126,-1.1319,-0.9396,0.000124,7.0
-39.8726,-1.4603,-0.9398,0.000944,7.0
-39.6326,-1.789,-0.9404,0.001607,7.0
-39.3925,-2.1181,-0.9411,0.002002,7.0
-39.1526,-2.4477,-0.9419,0.001997,7.0
-38.9127,-2.7777,-0.9426,0.001447,7.0
-38.6728,-3.1082,-0.9429,0.000192,7.0
-38.4327,-3.4391,-0.9426,0.001931,7.0
-38.1921,-3.77,-0.9411,0.005082,7.0
-37.9506,-4.1008,-0.9382,0.009396,7.0
-37.7076,-4.4309,-0.9332,0.014929,7.0
-37.4623,-4.7599,-0.9257,0.021659,7.0
-37.2139,-5.0869,-0.9152,0.029614,7.0
-36.9621,-5.4103,-0.9012,0.038918,7.0
-36.7063,-5.7281,-0.8831,0.049627,6.702
-36.4463,-6.0382,-0.8606,0.061888,6.364
-36.1815,-6.3385,-0.8331,0.075755,6.037
-35.9115,-6.6267,-0.8003,0.091208,5.725
-35.636,-6.9005,-0.7616,0.108163,5.43
-35.3547,-7.1576,-0.717,0.126445,5.158
-35.0677,-7.3959,-0.6664,0.145752,4.91
-34.775,-7.6135,-0.6097,0.165582,4.69
-34.4769,-7.8085,-0.5473,0.185129,4.502
-34.1739,-7.9798,-0.4797,0.203127,4.35
-33.866,-8.1263,-0.4078,0.217691,4.255
-33.5533,-8.2478,-0.333,0.226484,4.186
-33.235,-8.3445,-0.2569,0.228245,4.186
-32.9092,-8.417,-0.1814,0.220401,4.186
-32.5729,-8.466,-0.1091,0.20274,4.291
-32.2232,-8.4921,-0.0419,0.180083,4.435
-31.8599,-8.4959,0.0193,0.157722,4.621
-31.4845,-8.4779,0.0744,0.136572,4.836
-31.0988,-8.4391,0.1233,0.116771,5.071
-30.7054,-8.3813,0.166,0.098631,5.324
-30.3065,-8.3064,0.2025,0.082169,5.59
-29.9046,-8.2169,0.2332,0.067248,5.866
-29.5017,-8.1153,0.2581,0.053316,6.148
-29.0997,-8.0043,0.2776,0.040489,6.434
-28.6998,-7.8867,0.292,0.028643,6.722
-28.302,-7.7645,0.3017,0.017812,7.0
-27.9055,-7.6395,0.3072,0.008443,7.0
-27.5098,-7.5132,0.3091,0.000838,7.0
-27.1146,-7.387,0.3082,0.005022,7.0
-26.7196,-7.2617,0.3053,0.009217,7.0
-26.3246,-7.138,0.3009,0.01189,7.0
-25.9295,-7.0164,0.2957,0.013235,7.0
-25.5342,-6.8972,0.2902,0.013479,7.0
-25.1387,-6.7803,0.2848,0.012866,7.0
-24.743,-6.6656,0.2797,0.011641,7.0
-24.3471,-6.5529,0.2753,0.010038,7.0
-23.9513,-6.442,0.2715,0.008261,7.0
-23.5555,-6.3325,0.2685,0.006483,7.0
-23.1597,-6.2242,0.2662,0.004837,7.0
-22.7642,-6.1168,0.2645,0.003413,7.0
-22.3689,-6.01,0.2633,0.002264,7.0
-21.9738,-5.9037,0.2626,0.001406,7.0
-21.5791,-5.7978,0.2621,0.000828,7.0
-21.1847,-5.692,0.2618,0.000498,7.0
-20.7906,-5.5865,0.2616,0.000367,7.0
-20.3969,-5.4811,0.2615,0.000382,7.0
-20.0035,-5.3758,0.2613,0.000491,7.0
-19.6104,-5.2707,0.2611,0.000644,7.0
-19.2176,-5.1658,0.2608,0.000801,7.0
-18.825,-5.0611,0.2604,0.000932,7.0
-18.4328,-4.9567,0.26,0.001018,7.0
-18.0407,-4.8525,0.2596,0.001049,7.0
-17.649,-4.7485,0.2592,0.001024,7.0
-17.2575,-4.6447,0.2588,0.000948,7.0
-16.8662,-4.5412,0.2584,0.000832,7.0
-16.4752,-4.4379,0.2581,0.000686,7.0
-16.0843,-4.3348,0.2579,0.000521,7.0
-15.6938,-4.2318,0.2577,0.000347,7.0
-15.3034,-4.129,0.2576,0.000174,7.0
-14.9133,-4.0262,0.2576,6e-06,7.0
-14.5235,-3.9235,0.2576,0.000154,7.0
-14.1338,-3.8208,0.2577,0.000303,7.0
-13.7444,-3.7182,0.2579,0.000443,7.0
-13.3553,-3.6155,0.2581,0.000574,7.0
-12.9663,-3.5128,0.2583,0.000698,7.0
-12.5776,-3.41,0.2586,0.000816,7.0
-12.1891,-3.3072,0.259,0.000929,7.0
-11.8009,-3.2043,0.2594,0.001036,7.0
-11.4128,-3.1012,0.2598,0.001136,7.0
-11.025,-2.998,0.2603,0.001229,7.0
-10.6374,-2.8947,0.2608,0.001311,7.0
-10.25,-2.7912,0.2613,0.001381,7.0
-9.8628,-2.6875,0.2619,0.001437,7.0
-9.4758,-2.5837,0.2625,0.001476,7.0
-9.089,-2.4796,0.2631,0.001498,7.0
-8.7024,-2.3754,0.2637,0.0015,7.0
-8.3159,-2.271,0.2643,0.001482,7.0
-7.9296,-2.1663,0.2649,0.001446,7.0
-7.5435,-2.0615,0.2654,0.001392,7.0
-7.1575,-1.9564,0.266,0.001322,7.0
-6.7715,-1.8512,0.2665,0.001237,7.0
-6.3856,-1.7457,0.2669,0.001141,7.0
-5.9998,-1.6401,0.2674,0.001034,7.0
-5.6141,-1.5344,0.2678,0.000919,7.0
-5.2283,-1.4284,0.2681,0.000799,7.0
-4.8426,-1.3224,0.2684,0.000675,7.0
-4.4568,-1.2162,0.2687,0.000549,7.0
-4.0709,-1.1099,0.2689,0.000423,7.0
-3.685,-1.0036,0.269,0.000297,7.0
-3.299,-0.8971,0.2691,0.000172,7.0
-2.9129,-0.7906,0.2691,5e-05,7.0
-2.5266,-0.6841,0.2691,6.9e-05,7.0
-2.1402,-0.5775,0.2691,0.000184,7.0
-1.7536,-0.4709,0.269,0.000296,7.0
-1.3668,-0.3643,0.2688,0.000405,7.0
-0.9798,-0.2577,0.2687,0.00051,7.0
-0.5925,-0.1512,0.2684,0.000612,7.0
-0.205,-0.0446,0.2682,0.000711,7.0
0.1828,0.0619,0.2679,0.000809,7.0
0.5709,0.1683,0.2675,0.000906,7.0
0.9593,0.2747,0.2671,0.001004,7.0
1.3481,0.3811,0.2667,0.001105,7.0
1.7373,0.4873,0.2662,0.00121,7.0
2.1268,0.5934,0.2657,0.001322,7.0
2.5168,0.6994,0.2652,0.001443,7.0
2.9071,0.8053,0.2646,0.001576,7.0
3.298,0.9111,0.2639,0.001724,7.0
3.6893,1.0167,0.2632,0.001886,7.0
4.0811,1.1221,0.2624,0.002066,7.0
4.4734,1.2272,0.2615,0.002261,7.0
4.8663,1.3322,0.2605,0.00247,7.0
5.2598,1.4369,0.2595,0.002689,7.0
5.6539,1.5412,0.2583,0.002912,7.0
6.0486,1.6453,0.2571,0.003128,7.0
6.4439,1.749,0.2558,0.003326,7.0
6.8399,1.8522,0.2544,0.00349,7.0
7.2367,1.9551,0.2529,0.003603,7.0
7.6341,2.0575,0.2514,0.003644,7.0
8.0323,2.1595,0.25,0.00359,7.0
8.4313,2.261,0.2485,0.003418,7.0
8.831,2.3621,0.2472,0.003102,7.0
9.2315,2.4629,0.246,0.00262,7.0
9.6328,2.5634,0.245,0.001948,7.0
10.0348,2.6638,0.2444,0.001069,7.0
10.4376,2.7641,0.2442,3.5e-05,7.0
10.8411,2.8647,0.2445,0.00137,7.0
11.2451,2.9656,0.2454,0.00294,7.0
11.6492,3.0671,0.247,0.004741,7.0
12.0533,3.1694,0.2494,0.006759,7.0
12.4569,3.2728,0.2527,0.008982,7.0
12.8597,3.3776,0.2569,0.011406,7.0
13.2614,3.4841,0.2622,0.01402,7.0
13.6616,3.5928,0.2686,0.016814,7.0
14.0598,3.7039,0.2761,0.019775,7.0
14.4559,3.8179,0.2849,0.022892,7.0
14.8494,3.9351,0.295,0.026155,7.0
15.2399,4.0561,0.3064,0.029554,7.0
15.6271,4.1812,0.3191,0.033085,7.0
16.0106,4.3107,0.3332,0.036745,7.0
16.3901,4.4453,0.3488,0.040533,7.0
16.7652,4.5851,0.3658,0.044454,7.0
17.1355,4.7308,0.3843,0.048514,7.0
17.5007,4.8826,0.4043,0.052723,7.0
17.8604,5.0409,0.4259,0.057091,7.0
18.2142,5.2062,0.449,0.06163,7.0
18.5618,5.3789,0.4739,0.066349,7.0
18.9029,5.5595,0.5004,0.071252,6.992
19.237,5.7482,0.5288,0.076335,6.811
19.5638,5.9456,0.5589,0.081582,6.636
19.8829,6.1521,0.5909,0.086961,6.467
20.1938,6.3683,0.6249,0.092398,6.302
20.4961,6.5945,0.6609,0.097919,6.138
20.7891,6.8311,0.6988,0.103829,5.974
21.0717,7.0781,0.739,0.110358,5.812
21.3426,7.3355,0.7815,0.117442,5.656
21.6007,7.603,0.8266,0.124959,5.506
21.8446,7.8807,0.8742,0.13275,5.366
22.0734,8.1681,0.9244,0.14061,5.237
22.2857,8.4652,0.9771,0.148274,5.122
22.4805,8.7714,1.0323,0.155423,5.025
22.6569,9.0865,1.0896,0.161675,4.931
22.8139,9.4099,1.1486,0.166595,4.894
22.951,9.7413,1.209,0.169707,4.843
23.0676,10.0802,1.2701,0.170517,4.843
23.1635,10.4264,1.3311,0.168563,4.843
23.2386,10.7797,1.3912,0.163829,4.899
23.2931,11.1403,1.4498,0.156551,4.967
23.3272,11.5088,1.506,0.146612,5.063
23.3414,11.8858,1.5591,0.134813,5.189
23.3361,12.2715,1.6087,0.122513,5.343
23.3119,12.6651,1.6546,0.110311,5.519
23.2694,13.0656,1.6965,0.098212,5.714
23.2099,13.472,1.7344,0.086558,5.925
23.1345,13.8829,1.7682,0.075614,6.15
23.0449,14.2971,1.798,0.065553,6.386
22.9425,14.7135,1.8241,0.0565,6.631
22.8291,15.1308,1.8468,0.048541,6.882
22.7062,15.5478,1.8664,0.041659,7.0
22.5756,15.9634,1.8832,0.035849,7.0
22.4385,16.3766,1.8978,0.031133,7.0
22.2963,16.7868,1.9105,0.027473,7.0
22.1497,17.1938,1.9218,0.024927,7.0
21.9995,17.5973,1.9323,0.023589,7.0
21.8461,17.997,1.9423,0.023491,7.0
21.6896,18.3926,1.9526,0.024579,7.0
21.5303,18.7836,1.9634,0.026782,7.0
21.3679,19.1695,1.9753,0.030016,7.0
21.2022,19.5499,1.9886,0.034193,7.0
21.0329,19.9242,2.0036,0.039221,7.0
20.8594,20.2918,2.0208,0.045007,7.0
20.6813,20.6522,2.0401,0.051463,7.0
20.4979,21.0047,2.0619,0.058502,7.0
20.3088,21.3486,2.0864,0.066041,6.856
20.1133,21.6833,2.1135,0.073996,6.62
19.9111,22.008,2.1434,0.082279,6.398
19.7015,22.3222,2.176,0.090792,6.191
19.4841,22.6251,2.2115,0.099421,5.999
19.2587,22.9161,2.2496,0.108029,5.825
19.0249,23.1944,2.2904,0.11645,5.668
18.7824,23.4596,2.3337,0.124481,5.53
18.5311,23.7109,2.3793,0.131882,5.413
18.2708,23.948,2.4269,0.138375,5.316
18.0016,24.1704,2.4762,0.143647,5.251
17.7232,24.3778,2.5268,0.147366,5.178
17.4356,24.57,2.5782,0.149209,5.178
17.1387,24.747,2.6298,0.149143,5.178
16.8323,24.9088,2.6813,0.147171,5.188
16.5161,25.0557,2.732,0.143174,5.234
16.1895,25.1879,2.7815,0.137482,5.3
15.8527,25.3055,2.8293,0.130667,5.387
15.5057,25.4087,2.8753,0.122941,5.493
15.1489,25.4975,2.9189,0.114411,5.617
14.7827,25.5724,2.96,0.105407,5.758
14.4077,25.6336,2.9982,0.096212,5.917
14.0246,25.6818,3.0336,0.087048,6.09
13.6338,25.7175,3.066,0.07809,6.277
13.2361,25.7416,3.0953,0.069467,6.477
12.8321,25.7547,3.1217,0.061271,6.687
12.4224,25.7577,-3.138,0.053559,6.907
12.0075,25.7517,-3.1173,0.046362,7.0
11.5881,25.7375,-3.0992,0.039687,7.0
11.1645,25.716,-3.0837,0.033522,7.0
10.7375,25.6882,-3.0706,0.02784,7.0
10.3073,25.655,-3.0598,0.022603,7.0
9.8747,25.6174,-3.051,0.017768,7.0
9.44,25.5763,-3.0442,0.013288,7.0
9.0038,25.5324,-3.0393,0.009116,7.0
8.5666,25.4866,-3.0362,0.005209,7.0
8.1289,25.4398,-3.0347,0.001524,7.0
7.6913,25.3927,-3.0348,0.001938,7.0
7.2542,25.346,-3.0364,0.005168,7.0
6.8182,25.3005,-3.0393,0.008152,7.0
6.3839,25.2567,-3.0434,0.010868,7.0
5.9517,25.2152,-3.0487,0.013334,7.0
5.5224,25.1764,-3.0549,0.015561,7.0
5.0964,25.1408,-3.062,0.017564,7.0
4.6742,25.1087,-3.0698,0.019298,7.0
4.256,25.0803,-3.0781,0.020691,7.0
3.8414,25.0558,-3.0869,0.021692,7.0
3.4301,25.0351,-3.096,0.022268,7.0
3.0221,25.0184,-3.1051,0.022397,7.0
2.6169,25.0055,-3.1141,0.022092,7.0
2.2145,24.9962,-3.1229,0.021377,7.0
1.8145,24.9905,-3.1312,0.020285,7.0
1.4169,24.988,-3.139,0.018861,7.0
1.0213,24.9884,3.137,0.017151,7.0
0.6276,24.9915,3.1307,0.015207,7.0
0.2356,24.997,3.1251,0.013083,7.0
-0.155,25.0044,3.1204,0.010829,7.0
-0.5444,25.0135,3.1167,0.008494,7.0
-0.9327,25.0238,3.1138,0.006126,7.0
-1.3203,25.035,3.1119,0.003764,7.0
-1.7072,25.0468,3.1109,0.001446,7.0
-2.0939,25.0588,3.1108,0.000786,7.0
-2.4804,25.0706,3.1115,0.00289,7.0
-2.867,25.082,3.113,0.004828,7.0
-3.2539,25.0928,3.1152,0.006569,7.0
-3.6413,25.1025,3.118,0.008094,7.0
-4.0295,25.111,3.1214,0.00939,7.0
-4.4186,25.1182,3.1253,0.01044,7.0
-4.8088,25.1237,3.1295,0.011238,7.0
-5.2005,25.1276,3.134,0.011785,7.0
-5.5938,25.1297,3.1387,0.012086,7.0
-5.9888,25.1298,-3.1397,0.01216,7.0
-6.3855,25.1281,-3.1349,0.012031,7.0
-6.7839,25.1245,-3.1301,0.01171,7.0
-7.1839,25.119,-3.1256,0.011202,7.0
-7.5854,25.1116,-3.1212,0.010523,7.0
-7.9882,25.1026,-3.1171,0.009692,7.0
-8.3924,25.0919,-3.1134,0.008727,7.0
-8.7977,25.0797,-3.1101,0.007648,7.0
-9.2043,25.0663,-3.1072,0.006475,7.0
-9.6118,25.0517,-3.1048,0.005225,7.0
-10.0204,25.0363,-3.103,0.003917,7.0
-10.4298,25.0201,-3.1016,0.002569,7.0
-10.8401,25.0035,-3.1009,0.001197,7.0
-11.2511,24.9866,-3.1006,0.000179,7.0
-11.6627,24.9698,-3.101,0.001535,7.0
-12.0749,24.9532,-3.1019,0.002848,7.0
-12.4876,24.937,-3.1033,0.00409,7.0
-12.9007,24.9216,-3.1053,0.005235,7.0
-13.3142,24.907,-3.1076,0.006254,7.0
-13.7278,24.8935,-3.1104,0.007113,7.0
-14.1417,24.8812,-3.1135,0.007775,7.0
-14.5556,24.8702,-3.1168,0.008201,7.0
-14.9694,24.8606,-3.1202,0.008347,7.0
-15.3832,24.8525,-3.1236,0.00817,7.0
-15.7968,24.8458,-3.1269,0.007627,7.0
-16.2101,24.8404,-3.1299,0.006688,7.0
-16.623,24.8361,-3.1323,0.005312,7.0
-17.0354,24.8327,-3.1341,0.003455,7.0
-17.4473,24.83,-3.1351,0.001076,7.0
-17.8585,24.8274,-3.1349,0.001832,7.0
-18.2687,24.8245,-3.1335,0.005259,7.0
-18.6778,24.8207,-3.1305,0.009168,7.0
-19.0855,24.8154,-3.1259,0.013518,7.0
-19.4917,24.808,-3.1194,0.018315,7.0
-19.8962,24.7975,-3.111,0.023544,7.0
-20.2988,24.7832,-3.1004,0.029184,7.0
-20.6992,24.7644,-3.0875,0.035204,7.0
-21.0974,24.74,-3.0722,0.041563,7.0
-21.4931,24.7092,-3.0544,0.048206,7.0
-21.886,24.671,-3.034,0.055062,7.0
-22.2761,24.6246,-3.011,0.062042,7.0
-22.6629,24.569,-2.9854,0.069038,6.996
-23.0464,24.5032,-2.9572,0.075916,6.809
-23.4261,24.4266,-2.9265,0.082521,6.642
-23.8019,24.3382,-2.8934,0.088676,6.497
-24.1734,24.2372,-2.8582,0.094183,6.375
-24.5404,24.1231,-2.8211,0.09883,6.279
-24.9027,23.9951,-2.7824,0.102395,6.212
-25.26,23.8529,-2.7425,0.10466,6.16
-25.6123,23.6959,-2.702,0.105419,6.16
-25.9596,23.5239,-2.6613,0.104499,6.16
-26.3021,23.3365,-2.6209,0.101872,6.201
-26.64,23.1337,-2.5815,0.097782,6.265
-26.9741,22.9152,-2.5436,0.092257,6.354
-27.3048,22.6808,-2.5075,0.085701,6.469
-27.6325,22.431,-2.4736,0.078714,6.609
-27.9568,22.1665,-2.4422,0.071508,6.769
-28.2775,21.8884,-2.4135,0.063923,6.946
-28.5945,21.598,-2.3878,0.056003,7.0
-28.9077,21.2968,-2.3653,0.047803,7.0
-29.2171,20.9866,-2.3462,0.039331,7.0
-29.523,20.6691,-2.3309,0.030553,7.0
-29.8259,20.3462,-2.3194,0.021378,7.0
-30.1261,20.0199,-2.3121,0.011656,7.0
-30.4245,19.6923,-2.3092,0.001454,7.0
-30.7218,19.3654,-2.3109,0.00916,7.0
-31.0187,19.0416,-2.3173,0.020117,7.0
-31.3162,18.7228,-2.3285,0.031371,7.0
-31.6149,18.4113,-2.3445,0.043111,7.0
-31.9156,18.1092,-2.3654,0.055452,6.676
-32.2188,17.8185,-2.3914,0.068485,6.349
-32.5249,17.5414,-2.4224,0.082266,6.04
-32.8342,17.2797,-2.4586,0.096803,5.752
-33.1469,17.0353,-2.5,0.112033,5.487
-33.4629,16.81,-2.5464,0.127789,5.245
-33.782,16.6054,-2.5979,0.14375,5.03
-34.1039,16.4225,-2.6539,0.159369,4.844
-34.4284,16.2625,-2.7143,0.17393,4.685
-34.7553,16.1259,-2.7783,0.187013,4.55
-35.085,16.0129,-2.8455,0.19706,4.492
-35.4185,15.9236,-2.9148,0.202727,4.425
-35.7566,15.8579,-2.9851,0.204329,4.425
-36.0995,15.8161,-3.0556,0.202883,4.425
-36.4472,15.7983,-3.1255,0.198423,4.471
-36.799,15.8048,3.089,0.191485,4.522
-37.1539,15.8356,3.0223,0.182861,4.602
-37.5111,15.8902,2.9579,0.173215,4.699
-37.8692,15.9684,2.8963,0.163084,4.812
-38.2273,16.0695,2.8375,0.152887,4.938
-38.584,16.1927,2.7817,0.142943,5.074
-38.9383,16.3371,2.7289,0.133491,5.22
-39.2893,16.5015,2.6789,0.1247,5.372
-39.6358,16.685,2.6316,0.116678,5.529
-39.9771,16.8863,2.5868,0.109486,5.689
-40.3124,17.1042,2.5444,0.103142,5.85
-40.6409,17.3377,2.5039,0.097628,6.01
-40.9618,17.5854,2.4654,0.092899,6.167
-41.2746,17.8462,2.4284,0.088886,6.32
-41.5786,18.119,2.3928,0.085504,6.467
-41.8733,18.4026,2.3584,0.082694,6.607
-42.158,18.6959,2.3251,0.080459,6.739
-42.4325,18.9977,2.2927,0.078594,6.861
-42.6963,19.3073,2.2611,0.0766,6.973
-42.9499,19.6243,2.2305,0.074125,7.0
-43.1937,19.9486,2.201,0.071126,7.0
-43.4281,20.2799,2.1728,0.067546,7.0
-43.6536,20.6178,2.1462,0.063401,7.0
-43.8706,20.962,2.1214,0.058726,7.0
-44.0797,21.312,2.0985,0.053564,7.0
-44.2816,21.6672,2.0778,0.047966,7.0
-44.4769,22.0271,2.0593,0.041995,7.0
-44.6664,22.3912,2.0434,0.035723,7.0
-44.8509,22.7588,2.03,0.029236,7.0
-45.0314,23.1294,2.0193,0.022638,7.0
-45.2088,23.5024,2.0114,0.016052,7.0
-45.3839,23.8771,2.0061,0.009624,7.0
-45.5578,24.2529,2.0033,0.003525,7.0
-45.7312,24.6293,2.003,0.002045,7.0
-45.905,25.0056,2.0049,0.006822,7.0
-46.0799,25.3814,2.0085,0.010504,7.0
-46.2563,25.7562,2.0133,0.012791,7.0
-46.4344,26.1296,2.0187,0.013398,7.0
-46.6142,26.5012,2.0239,0.012085,7.0
-46.7954,26.8711,2.0282,0.008661,7.0
-46.9774,27.2391,2.0306,0.002931,7.0
-47.1592,27.6056,2.0301,0.005368,7.0
-47.3396,27.9713,2.0257,0.016411,7.0
-47.5171,28.3374,2.0163,0.029914,6.938
-47.6897,28.7047,2.001,0.045645,6.572
-47.8548,29.0735,1.979,0.063115,6.222
-48.0094,29.4438,1.9501,0.081209,5.893
-48.1506,29.8154,1.9142,0.099826,5.59
-48.2756,30.1881,1.8713,0.119102,5.318
-48.3817,30.5614,1.8213,0.138334,5.083
-48.4668,30.9353,1.7648,0.156308,4.894
-48.5288,31.3098,1.7025,0.171206,4.758
-48.5662,31.6861,1.6355,0.181389,4.66
-48.5777,32.0659,1.5655,0.184174,4.66
-48.5622,32.4526,1.4948,0.179867,4.66
-48.5182,32.8477,1.4246,0.173268,4.751
-48.4449,33.2489,1.3551,0.168281,4.84
-48.3419,33.6523,1.286,0.164831,4.912
-48.2094,34.0534,1.2171,0.162446,4.958
-48.0483,34.4476,1.1484,0.1614,4.978
-47.8603,34.8301,1.0797,0.161893,4.937
-47.6477,35.1966,1.0109,0.164087,4.937
-47.4135,35.5428,0.9416,0.168375,4.843
-47.1609,35.8653,0.8714,0.175797,4.712
-46.8935,36.1609,0.7994,0.186116,4.566
-46.6138,36.4279,0.7253,0.195821,4.509
-46.3223,36.6673,0.6501,0.201481,4.44
-46.019,36.8803,0.5749,0.20288,4.44
-45.7042,37.0678,0.5009,0.200012,4.44
-45.3783,37.231,0.429,0.193376,4.509
-45.0418,37.3708,0.3601,0.183726,4.583
-44.6952,37.4882,0.2949,0.171875,4.687
-44.3392,37.5842,0.2339,0.158595,4.815
-43.9745,37.6599,0.1774,0.144558,4.965
-43.6018,37.7165,0.1256,0.130311,5.135
-43.2219,37.755,0.0786,0.116278,5.322
-42.8354,37.7768,0.0362,0.102767,5.524
-42.4432,37.7832,-0.0016,0.089992,5.74
-42.0458,37.7756,-0.0349,0.07809,5.968
-41.644,37.7553,-0.0641,0.067135,6.206
-41.2384,37.7237,-0.0894,0.057157,6.451
-40.8295,37.6823,-0.111,0.048152,6.702
-40.4181,37.6323,-0.1292,0.040091,6.957
-40.0047,37.5751,-0.1444,0.032928,7.0
-39.59,37.5119,-0.1569,0.026603,7.0
-39.1745,37.4438,-0.1669,0.021035,7.0
-38.759,37.3718,-0.1748,0.01614,7.0
-38.344,37.2971,-0.1807,0.011843,7.0
-37.9299,37.2204,-0.1848,0.008058,7.0
-37.5168,37.1424,-0.1875,0.004748,7.0
-37.1044,37.0638,-0.1889,0.00188,7.0
-36.6929,36.9849,-0.1892,0.000588,7.0
-36.2822,36.9063,-0.1885,0.002715,7.0
-35.8722,36.8283,-0.187,0.00456,7.0
-35.4629,36.7513,-0.1848,0.00618,7.0
-35.0544,36.6755,-0.1819,0.007638,7.0
-34.6467,36.6012,-0.1784,0.008992,7.0
-34.2398,36.5286,-0.1745,0.010291,7.0
-33.8336,36.4579,-0.17,0.011576,7.0
-33.4283,36.3893,-0.1649,0.01288,7.0
-33.0238,36.3231,-0.1594,0.014229,7.0
-32.6202,36.2594,-0.1533,0.015642,7.0
-32.2175,36.1985,-0.1466,0.017131,7.0
-31.8157,36.1406,-0.1393,0.018703,7.0
-31.4148,36.086,-0.1314,0.020359,7.0
-31.0148,36.0348,-0.1229,0.022098,7.0
-30.6158,35.9873,-0.1136,0.023915,7.0
-30.2177,35.9438,-0.1037,0.025802,7.0
-29.8206,35.9046,-0.093,0.027751,7.0
-29.4244,35.8698,-0.0816,0.029753,7.0
-29.0292,35.8399,-0.0694,0.031797,7.0
-28.635,35.815,-0.0564,0.033874,7.0
-28.2418,35.7954,-0.0426,0.035975,7.0
-27.8496,35.7815,-0.0281,0.038091,7.0
-27.4584,35.7734,-0.0128,0.040213,7.0
-27.0682,35.7715,0.0033,0.042332,7.0
-26.679,35.776,0.0202,0.044437,7.0
-26.2909,35.7872,0.0379,0.046519,7.0
-25.9038,35.8054,0.0563,0.048567,7.0
-25.5178,35.8308,0.0755,0.050566,7.0
-25.1328,35.8637,0.0954,0.052502,7.0
-24.7489,35.9043,0.116,0.054358,7.0
-24.3661,35.953,0.1373,0.056118,7.0
-23.9845,36.01,0.1593,0.057761,7.0
-23.6039,36.0755,0.1819,0.059268,7.0
-23.2244,36.1498,0.2051,0.060623,7.0
-22.8461,36.2331,0.2288,0.061808,7.0
-22.4689,36.3258,0.253,0.062811,7.0
-22.0928,36.4279,0.2777,0.063623,7.0
-21.7178,36.5399,0.3027,0.064241,7.0
-21.344,36.6618,0.3281,0.064668,7.0
-20.9712,36.794,0.3537,0.064913,7.0
-20.5995,36.9367,0.3796,0.064994,7.0
-20.2289,37.0901,0.4057,0.064932,7.0
-19.8594,37.2546,0.4319,0.064757,7.0
-19.4909,37.4303,0.4583,0.0645,7.0
-19.1235,37.6176,0.4849,0.064193,7.0
-18.7572,37.8168,0.5116,0.06387,7.0
-18.392,38.0283,0.5385,0.063558,7.0
-18.028,38.2524,0.5656,0.063275,7.0
-17.6653,38.4895,0.593,0.062999,7.0
-17.3042,38.7402,0.6206,0.062785,7.0
-16.9449,39.0045,0.6486,0.063148,7.0
-16.5896,39.2819,0.6774,0.064641,7.0
-16.2404,39.5712,0.7072,0.06734,7.0
-15.8998,39.8714,0.7386,0.071241,6.888
-15.5702,40.1814,0.7719,0.076381,6.634
-15.254,40.5001,0.8076,0.082823,6.373
-14.9535,40.8262,0.846,0.090658,6.107
-14.6709,41.1585,0.8874,0.099995,5.84
-14.4084,41.4956,0.9324,0.110943,5.574
-14.1681,41.836,0.9811,0.123588,5.312
-13.9517,42.1781,1.0339,0.138172,5.055
-13.7608,42.5203,1.0912,0.155247,4.81
-13.5965,42.8612,1.1536,0.174474,4.585
-13.4595,43.2,1.221,0.194701,4.382
-13.3503,43.5362,1.2935,0.215164,4.2
-13.269,43.8693,1.3708,0.235599,4.044
-13.216,44.1983,1.4526,0.255115,3.888
-13.1915,44.5222,1.5385,0.273261,3.809
-13.1953,44.8397,1.628,0.289666,3.628
-13.2274,45.1493,1.7206,0.303928,3.628
-13.2873,45.4495,1.8156,0.31561,3.512
-13.3746,45.7387,1.9125,0.324242,3.512
-13.4887,46.0156,2.0106,0.329338,3.479
-13.6287,46.2787,2.1092,0.330425,3.479
-13.7939,46.5267,2.2074,0.327088,3.479
-13.9834,46.7585,2.3044,0.319023,3.54
-14.1965,46.9732,2.3992,0.306097,3.555
-14.4321,47.1702,2.4908,0.288401,3.663
-14.6897,47.3489,2.5779,0.266444,3.77
-14.9687,47.5093,2.6599,0.241907,3.905
-15.2687,47.6516,2.736,0.215446,4.066
-15.59,47.7761,2.8055,0.188086,4.254
-15.9322,47.8834,2.8681,0.162018,4.47
-16.2943,47.9737,2.924,0.138728,4.709
-16.6743,48.0474,2.9735,0.117754,4.965
-17.0702,48.1054,3.0166,0.098817,5.235
-17.4795,48.1486,3.0536,0.081866,5.516
-17.8999,48.1785,3.0848,0.066758,5.808
-18.3292,48.1969,3.1105,0.053314,6.106
-18.765,48.2055,3.1311,0.041351,6.408
-19.2051,48.2061,-3.1363,0.030693,6.712
-19.6474,48.2008,-3.1249,0.021018,7.0
-20.0897,48.1914,-3.1176,0.012329,7.0
-20.53,48.1796,-3.1138,0.004653,7.0
-20.9662,48.167,-3.1132,0.002084,7.0
-21.3971,48.155,-3.1154,0.007928,7.0
-21.8229,48.1446,-3.1198,0.012777,7.0
-22.244,48.1365,-3.126,0.016611,7.0
-22.6609,48.1315,-3.1335,0.019413,7.0
-23.074,48.1298,3.1413,0.021226,7.0
-23.4836,48.1317,3.1324,0.022139,7.0
-23.8902,48.1373,3.1234,0.022278,7.0
-24.2941,48.1465,3.1145,0.021785,7.0
-24.6958,48.1591,3.1059,0.020814,7.0
-25.0955,48.1751,3.0978,0.019517,7.0
-25.4937,48.194,3.0904,0.018035,7.0
-25.8909,48.2158,3.0835,0.016489,7.0
-26.2873,48.2402,3.0772,0.014976,7.0
-26.6834,48.2669,3.0716,0.013578,7.0
-27.0796,48.2958,3.0664,0.012364,7.0
-27.4758,48.3266,3.0617,0.01137,7.0
-27.872,48.3592,3.0573,0.010591,7.0
-28.2684,48.3935,3.0532,0.010011,7.0
-28.6648,48.4295,3.0493,0.009601,7.0
-29.0613,48.4669,3.0456,0.009329,7.0
-29.4578,48.5058,3.0419,0.009159,7.0
-29.8544,48.5463,3.0382,0.00906,7.0
-30.2512,48.5881,3.0346,0.009002,7.0
-30.6479,48.6314,3.0311,0.008962,7.0
-31.0448,48.6762,3.0275,0.008921,7.0
-31.4417,48.7224,3.0239,0.008866,7.0
-31.8387,48.77,3.0204,0.00879,7.0
-32.2357,48.8191,3.0169,0.00869,7.0
-32.6328,48.8696,3.0135,0.008564,7.0
-33.0299,48.9214,3.0101,0.008416,7.0
-33.4271,48.9747,3.0067,0.008249,7.0
-33.8244,49.0292,3.0034,0.008067,7.0
-34.2216,49.0851,3.0002,0.007876,7.0
-34.619,49.1423,2.9971,0.007679,7.0
-35.0163,49.2007,2.9941,0.00748,7.0
-35.4137,49.2604,2.9911,0.007282,7.0
-35.8112,49.3213,2.9882,0.007085,7.0
-36.2086,49.3833,2.9854,0.006892,7.0
-36.6062,49.4464,2.9827,0.006703,7.0
-37.0037,49.5107,2.98,0.006518,7.0
-37.4013,49.576,2.9774,0.006336,7.0
-37.7989,49.6424,2.9749,0.006158,7.0
-38.1965,49.7098,2.9725,0.005983,7.0
-38.5942,49.7782,2.9701,0.00581,7.0
-38.9919,49.8476,2.9678,0.005641,7.0
-39.3896,49.9179,2.9655,0.005473,7.0
-39.7873,49.9891,2.9633,0.005309,7.0
-40.1851,50.0612,2.9612,0.005147,7.0
-40.5829,50.1342,2.9592,0.004988,7.0
-40.9806,50.208,2.9572,0.004832,7.0
-41.3784,50.2826,2.9553,0.004679,7.0
-41.7762,50.3579,2.9534,0.004528,7.0
-42.1741,50.4341,2.9516,0.004377,7.0
-42.5719,50.5109,2.9499,0.004226,7.0
-42.9697,50.5885,2.9482,0.004073,7.0
-43.3675,50.6668,2.9466,0.003914,7.0
-43.7653,50.7457,2.945,0.003747,7.0
-44.1632,50.8252,2.9435,0.003569,7.0
-44.561,50.9054,2.9421,0.003376,7.0
-44.9588,50.9861,2.9408,0.003164,7.0
-45.3566,51.0673,2.9396,0.002929,7.0
-45.7544,51.149,2.9384,0.002667,7.0
-46.1522,51.2312,2.9374,0.002373,7.0
-46.5499,51.3138,2.9365,0.002046,7.0
-46.9477,51.3967,2.9357,0.001683,7.0
-47.3455,51.4799,2.9351,0.001282,7.0
-47.7433,51.5634,2.9347,0.000842,7.0
-48.1412,51.6469,2.9345,0.000363,7.0
-48.539,51.7306,2.9344,0.00015,7.0
-48.9368,51.8142,2.9346,0.000697,7.0
-49.3347,51.8977,2.935,0.001271,7.0
-49.7326,51.981,2.9356,0.001869,7.0
-50.1305,52.0639,2.9365,0.002487,7.0
-50.5284,52.1465,2.9376,0.003121,7.0
-50.9264,52.2286,2.939,0.003767,7.0
-51.3245,52.31,2.9407,0.004422,7.0
-51.7226,52.3907,2.9426,0.005083,7.0
-52.1208,52.4705,2.9448,0.005747,7.0
-52.5191,52.5494,2.9473,0.006412,7.0
-52.9174,52.6273,2.95,0.007076,7.0
-53.3159,52.704,2.9531,0.007738,7.0
-53.7144,52.7794,2.9563,0.008398,7.0
-54.1131,52.8534,2.9599,0.009055,7.0
-54.5119,52.9259,2.9637,0.009709,7.0
-54.9108,52.9968,2.9677,0.010361,7.0
-55.3099,53.066,2.9721,0.011013,7.0
-55.7091,53.1335,2.9766,0.011663,7.0
-56.1084,53.199,2.9815,0.012315,7.0
-56.5079,53.2625,2.9866,0.012969,7.0
-56.9076,53.3238,2.992,0.013626,7.0
-57.3074,53.383,2.9976,0.014288,7.0
-57.7074,53.4398,3.0035,0.014955,7.0
-58.1076,53.4941,3.0097,0.015629,7.0
-58.508,53.546,3.0162,0.01631,7.0
-58.9086,53.5951,3.0229,0.016999,7.0
-59.3094,53.6416,3.0299,0.017694,7.0
-59.7105,53.6851,3.0372,0.018393,7.0
-60.1117,53.7256,3.0447,0.019094,7.0
-60.5132,53.7631,3.0526,0.019791,7.0
-60.915,53.7973,3.0607,0.020477,7.0
-61.3169,53.8283,3.0691,0.021144,7.0
-61.7192,53.8558,3.0777,0.021779,7.0
-62.1217,53.8797,3.0866,0.022371,7.0
-62.5244,53.9001,3.0958,0.022903,7.0
-62.9275,53.9167,3.1051,0.023362,7.0
-63.3308,53.9295,3.1146,0.023734,7.0
-63.7344,53.9385,3.1242,0.024008,7.0
-64.1383,53.9435,3.134,0.024178,7.0
-64.5425,53.9447,-3.1394,0.024249,7.0
-64.947,53.9418,-3.1296,0.024232,7.0
-65.3519,53.935,-3.1198,0.024156,7.0
-65.7571,53.9242,-3.1101,0.024064,7.0
-66.1627,53.9094,-3.1003,0.024019,7.0
-66.5687,53.8906,-3.0905,0.024103,7.0
-66.9752,53.8679,-3.0806,0.024416,7.0
-67.3822,53.841,-3.0705,0.02508,7.0
-67.7897,53.8099,-3.0601,0.026225,7.0
-68.1978,53.7743,-3.049,0.027993,7.0
-68.6065,53.734,-3.0369,0.030513,7.0
-69.0157,53.6884,-3.0237,0.03386,7.0
-69.4253,53.637,-3.0089,0.037791,7.0
